<?xml version='1.0' encoding='UTF-8'?>
<shortcuts>
	<shortcut>
		<defaultID>script.kodi.windows.update</defaultID>
		<label>Kodi Update</label>
		<label2>Programm</label2>
		<icon>DefaultAddon.png</icon>
		<thumb>special://skin/extras/icons/kodi.png</thumb>
		<action>RunAddOn(script.kodi.windows.update)</action>
	</shortcut>
	<shortcut>
		<defaultID>10007</defaultID>
		<label>Kodi Update</label>
		<label2>Benutzerdefinierte Einträge</label2>
		<icon>DefaultAddon.png</icon>
		<thumb>special://skin/extras/icons/android.png</thumb>
		<action>RunAddOn(script.kodi.android.update)</action>
		<disabled>True</disabled>
	</shortcut>
	<shortcut>
		<defaultID />
		<label>Kodi bereinigen</label>
		<label2>Programm</label2>
		<icon>DefaultShortcut.png</icon>
		<thumb>special://skin/extras/icons/paintbrush.png</thumb>
		<action>ActivateWindow(Programs,"plugin://plugin.program.wrp.manager/?mode=maint&amp;name=clean",return)</action>
	</shortcut>
	<shortcut>
		<defaultID />
		<label>WRP Update Info</label>
		<label2>Programm</label2>
		<icon>DefaultShortcut.png</icon>
		<thumb>special://skin/extras/icons/wrp.png</thumb>
		<action>ActivateWindow(Programs,"plugin://plugin.program.super.favourites/?label=%5BCOLOR+cyan%5D%5B%2FCOLOR%5D+%5BCOLOR+white%5D%5BCOLOR+cyan%5DWhite+Rabbit+Update+Informationen%5B%2FCOLOR%5D%5B%2FCOLOR%5D&amp;mode=650&amp;cmd=ActivateWindow%2810025%2C%22plugin%3A%2F%2Fplugin.program.wrp.manager%2F%3Fmode%3Dtestnotify%26sf_options%3Dfanart%253Dspecial%253A%252F%252Fhome%252Faddons%255Cplugin.program.wrp.manager%255Cfanart.jpg%2526meta%253Dplot%25253DWhite%25252BRabbit%25252BKodi%25252BWizard%252526votes%25253D0%252526label%25253D%2525255BCOLOR%25252Bcyan%2525255D%2525255B%2525252FCOLOR%2525255D%25252B%2525255BCOLOR%25252Bwhite%2525255D%2525255BCOLOR%25252Bcyan%2525255DWhite%25252BRabbit%25252BUpdate%25252BInformationen%2525255B%2525252FCOLOR%2525255D%2525255B%2525252FCOLOR%2525255D%252526title%25253D%2525255BCOLOR%25252Bcyan%2525255D%2525255B%2525252FCOLOR%2525255D%25252B%2525255BCOLOR%25252Bwhite%2525255D%2525255BCOLOR%25252Bcyan%2525255DWhite%25252BRabbit%25252BUpdate%25252BInformationen%2525255B%2525252FCOLOR%2525255D%2525255B%2525252FCOLOR%2525255D%2526winID%253D10001%2526desc%253DWhite%2BRabbit%2BKodi%2BWizard%2526_options_sf%22%2Creturn%29&amp;image=special%3A%2F%2Fhome%2Faddons%5Cplugin.program.wrp.manager%5Cresources%5Cart%5Caktu.png&amp;fanart=special%3A%2F%2Fhome%2Faddons%5Cplugin.program.wrp.manager%5Cfanart.jpg&amp;content_type=",return)</action>
	</shortcut>
	<shortcut>
		<defaultID />
		<label>WRP Build installieren</label>
		<label2>Programm</label2>
		<icon>DefaultShortcut.png</icon>
		<thumb>special://skin/extras/icons/wrp.png</thumb>
		<action>ActivateWindow(Programs,"plugin://plugin.program.wrp.manager/?mode=builds",return)</action>
	</shortcut>
	<shortcut>
		<defaultID />
		<label>WRP YouTube</label>
		<label2>Programm</label2>
		<icon>DefaultShortcut.png</icon>
		<thumb>special://skin/extras/icons/wrp.png</thumb>
		<action>ActivateWindow(Programs,"plugin://plugin.program.wrp.manager/?mode=youtube",return)</action>
	</shortcut>
	<shortcut>
		<defaultID />
		<label>WRP Backup</label>
		<label2>Benutzerdefinierte Einträge</label2>
		<icon>DefaultShortcut.png</icon>
		<thumb>special://skin/extras/icons/wrp.png</thumb>
		<action>ActivateWindow(Programs,"plugin://plugin.program.wrp.manager/?mode=maint&amp;name=backup",return)</action>
	</shortcut>
	<shortcut>
		<defaultID />
		<label>WRP Erweiterte Konfiguration</label>
		<label2>Programm</label2>
		<icon>DefaultShortcut.png</icon>
		<thumb>special://skin/extras/icons/wrp.png</thumb>
		<action>ActivateWindow(Programs,"plugin://plugin.program.wrp.manager/?mode=advancedsetting",return)</action>
	</shortcut>
</shortcuts>
