<?xml version="1.0" encoding="UTF-8"?>
<includes>
    <constant name="view_pad">60</constant>
    <constant name="-view_pad">-60</constant>
    <constant name="view_top">120</constant>
    <constant name="poster_height">900</constant>
    <constant name="poster_width">600</constant>
    <constant name="listitem_height">90</constant>
    <constant name="list_width">1200</constant>
    <constant name="info_left">700</constant>
    <constant name="view_left">680</constant>
    <constant name="widget_poster_width">260</constant>
    <constant name="widget_poster_height">360</constant>
    <constant name="sidepad">80</constant>    
</includes>