<?xml version="1.0" encoding="utf-8"?>
<window>
    <defaultcontrol always="true">500</defaultcontrol>
    <views>500</views>
    <controls>

        <include>Global_Background</include>
        <include>Topbar_Info</include>

        <!-- Showcase -->
        <control type="group">
            <visible>Control.IsVisible(500)</visible>
            <top>view_pad</top>
            <include>Animation_Right_Delay</include>
            <control type="group">
                <include>View_Pad</include>
                <control type="fixedlist" id="500">
                    <bottom>-10</bottom>
                    <right>-70</right>
                    <left>-70</left>
                    <height>500</height>
                    <focusposition>0</focusposition>
                    <movement>6</movement>
                    <viewtype label="$LOCALIZE[31161]">icon</viewtype>
                    <onup>SetFocus(9000)</onup>
                    <ondown condition="Control.IsVisible(60)">60</ondown>
                    <onleft>700</onleft>
                    <onright>600</onright>
                    <include content="View_Forced">
                        <param name="string" value="$LOCALIZE[31161]" />
                    </include>
                    <include>View_NotTheseWindows</include>
                    <include content="View_Posters_Layout">
                        <param name="id" value="500" />
                        <param name="orientation" value="horizontal" />
                        <param name="posters" default="true" />
                    </include>
                </control>
                <include content="Object_Info">
                    <param name="id" value="500" />
                    <param name="width" value="1654" />
                    <param name="discart" value="true" />
                    <param name="hdsd_flag" value="false" />
                    <param name="plot_height" value="170" />
                </include>
            </control>

        </control>

        <control type="group">
            <visible>ControlGroup(9000).HasFocus()</visible>
            <include>Global_Overlay</include>
            <control type="group">
                <include>Animation_FadeIn_SlideUp</include>
                <control type="group">
                    <visible>Integer.IsGreater(Container(9000).NumItems,7)</visible>
                    <height>662</height>
                    <include>Defs_Powermenu_Group</include>
                    <include>Defs_Options_Texture</include>
                </control>
                <control type="group">
                    <visible>Integer.IsEqual(Container(9000).NumItems,7)</visible>
                    <height>592</height>
                    <include>Defs_Powermenu_Group</include>
                    <include>Defs_Options_Texture</include>
                </control>
                <control type="group">
                    <visible>Integer.IsEqual(Container(9000).NumItems,6)</visible>
                    <height>522</height>
                    <include>Defs_Powermenu_Group</include>
                    <include>Defs_Options_Texture</include>
                </control>
                <control type="group">
                    <visible>Integer.IsEqual(Container(9000).NumItems,5)</visible>
                    <height>452</height>
                    <include>Defs_Powermenu_Group</include>
                    <include>Defs_Options_Texture</include>
                </control>
                <control type="group">
                    <visible>Integer.IsEqual(Container(9000).NumItems,4)</visible>
                    <height>382</height>
                    <include>Defs_Powermenu_Group</include>
                    <include>Defs_Options_Texture</include>
                </control>
                <control type="group">
                    <visible>Integer.IsEqual(Container(9000).NumItems,3)</visible>
                    <height>312</height>
                    <include>Defs_Powermenu_Group</include>
                    <include>Defs_Options_Texture</include>
                </control>
                <control type="group">
                    <visible>Integer.IsEqual(Container(9000).NumItems,2)</visible>
                    <height>242</height>
                    <include>Defs_Powermenu_Group</include>
                    <include>Defs_Options_Texture</include>
                </control>
                <control type="group">
                    <visible>Integer.IsEqual(Container(9000).NumItems,1)</visible>
                    <height>172</height>
                    <include>Defs_Powermenu_Group</include>
                    <include>Defs_Options_Texture</include>
                </control>
                <control type="group">
                    <animation effect="slide" end="0,35" condition="true">Conditional</animation>
                    <animation effect="slide" end="0,35" condition="Integer.IsLess(Container(9000).NumItems,8)">Conditional</animation>
                    <animation effect="slide" end="0,35" condition="Integer.IsLess(Container(9000).NumItems,7)">Conditional</animation>
                    <animation effect="slide" end="0,35" condition="Integer.IsLess(Container(9000).NumItems,6)">Conditional</animation>
                    <animation effect="slide" end="0,35" condition="Integer.IsLess(Container(9000).NumItems,5)">Conditional</animation>
                    <animation effect="slide" end="0,35" condition="Integer.IsLess(Container(9000).NumItems,4)">Conditional</animation>
                    <animation effect="slide" end="0,35" condition="Integer.IsLess(Container(9000).NumItems,3)">Conditional</animation>
                    <animation effect="slide" end="0,35" condition="Integer.IsLess(Container(9000).NumItems,2)">Conditional</animation>
                    <include>Defs_Powermenu_Group</include>
                    <control type="image">
                        <top>16</top>
                        <left>8</left>
                        <width>450</width>
                        <height>70</height>
                        <texture colordiffuse="$VAR[ColorHighlight]">common/white.png</texture>
                        <animation effect="slide" end="0,70" condition="Integer.IsGreater(Container(9000).Position,0)">Conditional</animation>
                        <animation effect="slide" end="0,70" condition="Integer.IsGreater(Container(9000).Position,1)">Conditional</animation>
                        <animation effect="slide" end="0,70" condition="Integer.IsGreater(Container(9000).Position,2)">Conditional</animation>
                        <animation effect="slide" end="0,70" condition="Integer.IsGreater(Container(9000).Position,3)">Conditional</animation>
                        <animation effect="slide" end="0,70" condition="Integer.IsGreater(Container(9000).Position,4)">Conditional</animation>
                        <animation effect="slide" end="0,70" condition="Integer.IsGreater(Container(9000).Position,5)">Conditional</animation>
                        <animation effect="slide" end="0,70" condition="Integer.IsGreater(Container(9000).Position,6)">Conditional</animation>
                        <animation effect="slide" end="0,70" condition="Integer.IsGreater(Container(9000).Position,7)">Conditional</animation>
                        <animation effect="slide" end="0,70" condition="Integer.IsGreater(Container(9000).Position,8)">Conditional</animation>
                    </control>
                    <control type="label">
                        <top>-64</top>
                        <width>450</width>
                        <height>80</height>
                        <left>8</left>
                        <textcolor>dialog_fg_70</textcolor>
                        <font>font_small_bold</font>
                        <label>$LOCALIZE[33063]</label>
                        <align>left</align>
                        <textoffsetx>30</textoffsetx>
                    </control>
                    <control type="image">
                        <top>-56</top>
                        <width>450</width>
                        <height>64</height>
                        <left>-8</left>
                        <aspectratio align="right">keep</aspectratio>
                        <texture colordiffuse="dialog_fg_70">special://skin/extras/icons/kodi.png</texture>
                    </control>
                    <control type="grouplist" id="9000">
                        <onleft>500</onleft>
                        <onright>500</onright>
                        <onback>500</onback>
                        <itemgap>0</itemgap>
                        <scrolltime>0</scrolltime>
                        <include>Defs_Options_Grouplist</include>
                        <defaultcontrol always="true">3</defaultcontrol>
                        <control type="button" id="6000">
                            <width>450</width>
                            <include>Defs_Context_Button</include>
                            <label>19140</label>
                        </control>
                        <control type="button" id="7000">
                            <width>450</width>
                            <include>Defs_Context_Button</include>
                            <label>$ADDON[script.wrpinfo 32024]</label>
                        </control>
                        <control type="button" id="5007">
                            <width>450</width>
                            <include>Defs_Context_Button</include>
                            <label>$LOCALIZE[467]:</label>
                            <label2>$INFO[Window.Property(Type)]</label2>
                        </control>
                        <control type="button" id="5001">
                            <width>450</width>
                            <include>Defs_Context_Button</include>
                            <label>$ADDON[script.wrpinfo 32104]</label>
                            <label2>$INFO[Window.Property(Sort_Label)]</label2>
                        </control>
                        <control type="button" id="5004">
                            <width>450</width>
                            <include>Defs_Context_Button</include>
                            <label>$ADDON[script.wrpinfo 32128]</label>
                            <label2>$INFO[Window.Property(Order_Label)]</label2>
                        </control>
                        <control type="label" id="5333">
                            <textoffsetx>30</textoffsetx>
                            <width>450</width>
                            <include>Defs_Context_Button</include>
                            <label>$ADDON[script.wrpinfo 32023]</label>
                            <visible>false</visible>
                        </control>
                        <control type="button" id="5002">
                            <width>450</width>
                            <include>Defs_Context_Button</include>
                            <label>$LOCALIZE[515]</label>
                        </control>
                        <control type="button" id="5003">
                            <label>$LOCALIZE[172]</label>
                            <width>450</width>
                            <include>Defs_Context_Button</include>
                        </control>
                        <control type="button" id="5006">
                            <label>$ADDON[script.wrpinfo 32127]</label>
                            <width>450</width>
                            <include>Defs_Context_Button</include>
                        </control>
                        <control type="button" id="5008">
                            <label>$ADDON[script.wrpinfo 32126]</label>
                            <width>450</width>
                            <include>Defs_Context_Button</include>
                        </control>
                        <control type="button" id="5009">
                            <label>$ADDON[script.wrpinfo 32114]</label>
                            <width>450</width>
                            <include>Defs_Context_Button</include>
                        </control>
                        <control type="button" id="5010">
                            <label>$LOCALIZE[572]</label>
                            <width>450</width>
                            <include>Defs_Context_Button</include>
                        </control>
                        <control type="button" id="5012">
                            <label>$ADDON[script.wrpinfo 32111]</label>
                            <width>450</width>
                            <include>Defs_Context_Button</include>
                        </control>
                        <control type="button" id="5005">
                            <label>$ADDON[script.wrpinfo 32022]</label>
                            <width>450</width>
                            <include>Defs_Context_Button</include>
                        </control>
                    </control>
                </control>
            </control>
        </control>

        <!-- NEXT PREVIOUS PAGE CONTROLS -->
        <control type="button" id="600">
            <onfocus>SetFocus(500)</onfocus>
            <width>1</width>
            <height>1</height>
            <posx>-1000</posx>
        </control>
        <control type="button" id="700">
            <onfocus>SetFocus(500)</onfocus>
            <width>1</width>
            <height>1</height>
            <posx>-1000</posx>
        </control>

    </controls>
</window>
