<?xml version="1.0" encoding="UTF-8"?>
<window>
    <coordinates>
        <left>635</left>
        <top>160</top>
    </coordinates>
    <controls>
        <control type="group">
            <control type="image">
                <description>Background Image</description>
                <posx>0</posx>
                <posy>0</posy>
                <width>750</width>
                <height>765</height>
                <texture border="2">Background/loguploader-dialog-bg.png</texture>
            </control>
            <control type="image">
                <description>Dialog Header image</description>
                <posx>0</posx>
                <posy>0</posy>
                <width>750</width>
                <height>50</height>
                <texture colordiffuse="FF12B2E7" border="2">Background/loguploader-white.png</texture>
            </control>
            <control type="label" id="101">
                <description>header label</description>
                <posx>0</posx>
                <posy>0</posy>
                <width>750</width>
                <height>50</height>
                <font>font13</font>
                <label></label>
                <align>center</align>
                <aligny>center</aligny>
                <shadowcolor>FF000000</shadowcolor>
            </control>
            <control type="textbox" id="102">
                <left>20</left>
                <top>60</top>
                <width>710</width>
                <height>80</height>
                <font>font12</font>
                <textcolor>white</textcolor>
                <align>left</align>
                <aligny>top</aligny>
                <label>WRP Kodi Build Manager Start Konfiguration. Aktivieren Sie die Einstellungen nach Ihrem belieben.</label>
            </control>
        </control>
        <control type="grouplist" id="9000">
            <left>20</left>
            <top>140</top>
            <width>710</width>
            <height>520</height>
            <itemgap>-3</itemgap>
            <align>top</align>
            <orientation>vertical</orientation>
            <onup>201</onup>
            <ondown>201</ondown>
            <onleft>201</onleft>
            <onright>201</onright>
            <control type="radiobutton" id="301">
                <width>710</width>
                <height>40</height>
                <textwidth>610</textwidth>
                <textoffsetx>10</textoffsetx>
                <radioheight>45</radioheight>
                <radioposx>640</radioposx>
                <label> - Erhalte meine Trakt Konto Daten</label>
                <font>font12</font>
                <textcolor>white</textcolor>
                <align>left</align>
                <texturefocus colordiffuse="FF12B2E7">RadioButton/MenuItemFO.png</texturefocus>
                <texturenofocus>RadioButton/MenuItemNF.png</texturenofocus>
                <textureradioonfocus colordiffuse="FF12B2E7">RadioButton/radiobutton-focus.png</textureradioonfocus>
                <textureradioonnofocus colordiffuse="FF12B2E7">RadioButton/radiobutton-focus.png</textureradioonnofocus>
                <textureradioofffocus colordiffuse="FF12B2E7">RadioButton/radiobutton-focus.png</textureradioofffocus>
                <textureradiooffnofocus>RadioButton/radiobutton-nofocus.png</textureradiooffnofocus>
            </control>
            <control type="radiobutton" id="302">
                <width>710</width>
                <height>40</height>
                <textwidth>610</textwidth>
                <textoffsetx>10</textoffsetx>
                <radioheight>45</radioheight>
                <radioposx>640</radioposx>
                <label> - Erhalte meine Real Debrid Konto Daten</label>
                <font>font12</font>
                <textcolor>white</textcolor>
                <align>left</align>
                <texturefocus colordiffuse="FF12B2E7">RadioButton/MenuItemFO.png</texturefocus>
                <texturenofocus>RadioButton/MenuItemNF.png</texturenofocus>
                <textureradioonfocus colordiffuse="FF12B2E7">RadioButton/radiobutton-focus.png</textureradioonfocus>
                <textureradioonnofocus colordiffuse="FF12B2E7">RadioButton/radiobutton-focus.png</textureradioonnofocus>
                <textureradioofffocus colordiffuse="FF12B2E7">RadioButton/radiobutton-focus.png</textureradioofffocus>
                <textureradiooffnofocus>RadioButton/radiobutton-nofocus.png</textureradiooffnofocus>
            </control>
            <control type="radiobutton" id="303">
                <width>710</width>
                <height>40</height>
                <textwidth>610</textwidth>
                <textoffsetx>10</textoffsetx>
                <radioheight>45</radioheight>
                <radioposx>640</radioposx>
                <label> - Erhalte meine Kodi Login Daten</label>
                <font>font12</font>
                <textcolor>white</textcolor>
                <align>left</align>
                <texturefocus colordiffuse="FF12B2E7">RadioButton/MenuItemFO.png</texturefocus>
                <texturenofocus>RadioButton/MenuItemNF.png</texturenofocus>
                <textureradioonfocus colordiffuse="FF12B2E7">RadioButton/radiobutton-focus.png</textureradioonfocus>
                <textureradioonnofocus colordiffuse="FF12B2E7">RadioButton/radiobutton-focus.png</textureradioonnofocus>
                <textureradioofffocus colordiffuse="FF12B2E7">RadioButton/radiobutton-focus.png</textureradioofffocus>
                <textureradiooffnofocus>RadioButton/radiobutton-nofocus.png</textureradiooffnofocus>
            </control>
            <control type="radiobutton" id="304">
                <width>710</width>
                <height>40</height>
                <textwidth>610</textwidth>
                <textoffsetx>10</textoffsetx>
                <radioheight>45</radioheight>
                <radioposx>640</radioposx>
                <label> - Erhalte meine Kodi Quellen</label>
                <font>font12</font>
                <textcolor>white</textcolor>
                <align>left</align>
                <texturefocus colordiffuse="FF12B2E7">RadioButton/MenuItemFO.png</texturefocus>
                <texturenofocus>RadioButton/MenuItemNF.png</texturenofocus>
                <textureradioonfocus colordiffuse="FF12B2E7">RadioButton/radiobutton-focus.png</textureradioonfocus>
                <textureradioonnofocus colordiffuse="FF12B2E7">RadioButton/radiobutton-focus.png</textureradioonnofocus>
                <textureradioofffocus colordiffuse="FF12B2E7">RadioButton/radiobutton-focus.png</textureradioofffocus>
                <textureradiooffnofocus>RadioButton/radiobutton-nofocus.png</textureradiooffnofocus>
            </control>
            <control type="radiobutton" id="305">
                <width>710</width>
                <height>40</height>
                <textwidth>610</textwidth>
                <textoffsetx>10</textoffsetx>
                <radioheight>45</radioheight>
                <radioposx>640</radioposx>
                <label> - Erhalte meine Kodi Profildatei</label>
                <font>font12</font>
                <textcolor>white</textcolor>
                <align>left</align>
                <texturefocus colordiffuse="FF12B2E7">RadioButton/MenuItemFO.png</texturefocus>
                <texturenofocus>RadioButton/MenuItemNF.png</texturenofocus>
                <textureradioonfocus colordiffuse="FF12B2E7">RadioButton/radiobutton-focus.png</textureradioonfocus>
                <textureradioonnofocus colordiffuse="FF12B2E7">RadioButton/radiobutton-focus.png</textureradioonnofocus>
                <textureradioofffocus colordiffuse="FF12B2E7">RadioButton/radiobutton-focus.png</textureradioofffocus>
                <textureradiooffnofocus>RadioButton/radiobutton-nofocus.png</textureradiooffnofocus>
            </control>
            <control type="radiobutton" id="314">
                <width>710</width>
                <height>40</height>
                <textwidth>610</textwidth>
                <textoffsetx>10</textoffsetx>
                <radioheight>45</radioheight>
                <radioposx>640</radioposx>
                <label> - Erhalte meine Playercorefactory Datei</label>
                <font>font12</font>
                <textcolor>white</textcolor>
                <align>left</align>
                <texturefocus colordiffuse="FF12B2E7">RadioButton/MenuItemFO.png</texturefocus>
                <texturenofocus>RadioButton/MenuItemNF.png</texturenofocus>
                <textureradioonfocus colordiffuse="FF12B2E7">RadioButton/radiobutton-focus.png</textureradioonfocus>
                <textureradioonnofocus colordiffuse="FF12B2E7">RadioButton/radiobutton-focus.png</textureradioonnofocus>
                <textureradioofffocus colordiffuse="FF12B2E7">RadioButton/radiobutton-focus.png</textureradioofffocus>
                <textureradiooffnofocus>RadioButton/radiobutton-nofocus.png</textureradiooffnofocus>
            </control>
            <control type="radiobutton" id="306">
                <width>710</width>
                <height>40</height>
                <textwidth>610</textwidth>
                <textoffsetx>10</textoffsetx>
                <radioheight>45</radioheight>
                <radioposx>640</radioposx>
                <label> - Erhalte meine Advancedsettings Datei</label>
                <font>font12</font>
                <textcolor>white</textcolor>
                <align>left</align>
                <texturefocus colordiffuse="FF12B2E7">RadioButton/MenuItemFO.png</texturefocus>
                <texturenofocus>RadioButton/MenuItemNF.png</texturenofocus>
                <textureradioonfocus colordiffuse="FF12B2E7">RadioButton/radiobutton-focus.png</textureradioonfocus>
                <textureradioonnofocus colordiffuse="FF12B2E7">RadioButton/radiobutton-focus.png</textureradioonnofocus>
                <textureradioofffocus colordiffuse="FF12B2E7">RadioButton/radiobutton-focus.png</textureradioofffocus>
                <textureradiooffnofocus>RadioButton/radiobutton-nofocus.png</textureradiooffnofocus>
            </control>
            <control type="radiobutton" id="307">
                <width>710</width>
                <height>40</height>
                <textwidth>610</textwidth>
                <textoffsetx>10</textoffsetx>
                <radioheight>45</radioheight>
                <radioposx>640</radioposx>
                <label> - Erhalte meine Kodi Standard Favoriten</label>
                <font>font12</font>
                <textcolor>white</textcolor>
                <align>left</align>
                <texturefocus colordiffuse="FF12B2E7">RadioButton/MenuItemFO.png</texturefocus>
                <texturenofocus>RadioButton/MenuItemNF.png</texturenofocus>
                <textureradioonfocus colordiffuse="FF12B2E7">RadioButton/radiobutton-focus.png</textureradioonfocus>
                <textureradioonnofocus colordiffuse="FF12B2E7">RadioButton/radiobutton-focus.png</textureradioonnofocus>
                <textureradioofffocus colordiffuse="FF12B2E7">RadioButton/radiobutton-focus.png</textureradioofffocus>
                <textureradiooffnofocus>RadioButton/radiobutton-nofocus.png</textureradiooffnofocus>
            </control>
            <control type="radiobutton" id="308">
                <width>710</width>
                <height>40</height>
                <textwidth>610</textwidth>
                <textoffsetx>10</textoffsetx>
                <radioheight>45</radioheight>
                <radioposx>640</radioposx>
                <label> - Erhalte meine Super Favoriten</label>
                <font>font12</font>
                <textcolor>white</textcolor>
                <align>left</align>
                <texturefocus colordiffuse="FF12B2E7">RadioButton/MenuItemFO.png</texturefocus>
                <texturenofocus>RadioButton/MenuItemNF.png</texturenofocus>
                <textureradioonfocus colordiffuse="FF12B2E7">RadioButton/radiobutton-focus.png</textureradioonfocus>
                <textureradioonnofocus colordiffuse="FF12B2E7">RadioButton/radiobutton-focus.png</textureradioonnofocus>
                <textureradioofffocus colordiffuse="FF12B2E7">RadioButton/radiobutton-focus.png</textureradioofffocus>
                <textureradiooffnofocus>RadioButton/radiobutton-nofocus.png</textureradiooffnofocus>
            </control>
            <control type="radiobutton" id="309">
                <width>710</width>
                <height>40</height>
                <textwidth>610</textwidth>
                <textoffsetx>10</textoffsetx>
                <radioheight>45</radioheight>
                <radioposx>640</radioposx>
                <label> - Erhalte meine Kodi Repositories</label>
                <font>font12</font>
                <textcolor>white</textcolor>
                <align>left</align>
                <texturefocus colordiffuse="FF12B2E7">RadioButton/MenuItemFO.png</texturefocus>
                <texturenofocus>RadioButton/MenuItemNF.png</texturenofocus>
                <textureradioonfocus colordiffuse="FF12B2E7">RadioButton/radiobutton-focus.png</textureradioonfocus>
                <textureradioonnofocus colordiffuse="FF12B2E7">RadioButton/radiobutton-focus.png</textureradioonnofocus>
                <textureradioofffocus colordiffuse="FF12B2E7">RadioButton/radiobutton-focus.png</textureradioofffocus>
                <textureradiooffnofocus>RadioButton/radiobutton-nofocus.png</textureradiooffnofocus>
            </control>
            <control type="radiobutton" id="310">
                <width>710</width>
                <height>40</height>
                <textwidth>610</textwidth>
                <textoffsetx>10</textoffsetx>
                <radioheight>45</radioheight>
                <radioposx>640</radioposx>
                <label> - Erhalte meine Whitelist</label>
                <font>font12</font>
                <textcolor>white</textcolor>
                <align>left</align>
                <texturefocus colordiffuse="FF12B2E7">RadioButton/MenuItemFO.png</texturefocus>
                <texturenofocus>RadioButton/MenuItemNF.png</texturenofocus>
                <textureradioonfocus colordiffuse="FF12B2E7">RadioButton/radiobutton-focus.png</textureradioonfocus>
                <textureradioonnofocus colordiffuse="FF12B2E7">RadioButton/radiobutton-focus.png</textureradioonnofocus>
                <textureradioofffocus colordiffuse="FF12B2E7">RadioButton/radiobutton-focus.png</textureradioofffocus>
                <textureradiooffnofocus>RadioButton/radiobutton-nofocus.png</textureradiooffnofocus>
            </control>
            <control type="radiobutton" id="311">
                <width>710</width>
                <height>40</height>
                <textwidth>610</textwidth>
                <textoffsetx>10</textoffsetx>
                <radioheight>45</radioheight>
                <radioposx>640</radioposx>
                <label> - Entferne den Cache beim Kodistart</label>
                <font>font12</font>
                <textcolor>white</textcolor>
                <align>left</align>
                <texturefocus colordiffuse="FF12B2E7">RadioButton/MenuItemFO.png</texturefocus>
                <texturenofocus>RadioButton/MenuItemNF.png</texturenofocus>
                <textureradioonfocus colordiffuse="FF12B2E7">RadioButton/radiobutton-focus.png</textureradioonfocus>
                <textureradioonnofocus colordiffuse="FF12B2E7">RadioButton/radiobutton-focus.png</textureradioonnofocus>
                <textureradioofffocus colordiffuse="FF12B2E7">RadioButton/radiobutton-focus.png</textureradioofffocus>
                <textureradiooffnofocus>RadioButton/radiobutton-nofocus.png</textureradiooffnofocus>
            </control>
            <control type="radiobutton" id="312">
                <width>710</width>
                <height>40</height>
                <textwidth>610</textwidth>
                <textoffsetx>10</textoffsetx>
                <radioheight>45</radioheight>
                <radioposx>640</radioposx>
                <label> - Entferne heruntergeladene Pakete beim Kodistart</label>
                <font>font12</font>
                <textcolor>white</textcolor>
                <align>left</align>
                <texturefocus colordiffuse="FF12B2E7">RadioButton/MenuItemFO.png</texturefocus>
                <texturenofocus>RadioButton/MenuItemNF.png</texturenofocus>
                <textureradioonfocus colordiffuse="FF12B2E7">RadioButton/radiobutton-focus.png</textureradioonfocus>
                <textureradioonnofocus colordiffuse="FF12B2E7">RadioButton/radiobutton-focus.png</textureradioonnofocus>
                <textureradioofffocus colordiffuse="FF12B2E7">RadioButton/radiobutton-focus.png</textureradioofffocus>
                <textureradiooffnofocus>RadioButton/radiobutton-nofocus.png</textureradiooffnofocus>
            </control>
            <control type="radiobutton" id="313">
                <width>710</width>
                <height>40</height>
                <textwidth>610</textwidth>
                <textoffsetx>10</textoffsetx>
                <radioheight>45</radioheight>
                <radioposx>640</radioposx>
                <label> - Entferne die Miniaturansichten beim Kodistart</label>
                <font>font12</font>
                <textcolor>white</textcolor>
                <align>left</align>
                <texturefocus colordiffuse="FF12B2E7">RadioButton/MenuItemFO.png</texturefocus>
                <texturenofocus>RadioButton/MenuItemNF.png</texturenofocus>
                <textureradioonfocus colordiffuse="FF12B2E7">RadioButton/radiobutton-focus.png</textureradioonfocus>
                <textureradioonnofocus colordiffuse="FF12B2E7">RadioButton/radiobutton-focus.png</textureradioonnofocus>
                <textureradioofffocus colordiffuse="FF12B2E7">RadioButton/radiobutton-focus.png</textureradioofffocus>
                <textureradiooffnofocus>RadioButton/radiobutton-nofocus.png</textureradiooffnofocus>
            </control>
        </control>
        <control type="group" id="9001">
            <control type="button" id="201">
                <left>450</left>
                <top>675</top>
                <width>300</width>
                <height>90</height>
                <font>font13</font>
                <textcolor>FFF0F0F0</textcolor>
                <label>Weiter</label>
                <align>center</align>
                <aligny>center</aligny>
                <onup>9000</onup>
                <ondown>9000</ondown>
                <texturefocus border="40" colordiffuse="FF12B2E7">Button/loguploader-dialogbutton-fo.png</texturefocus>
                <texturenofocus border="40">Button/loguploader-dialogbutton-nofo.png</texturenofocus>
            </control>
        </control>
    </controls>
</window>
