<?xml version='1.0' encoding='UTF-8'?>
<shortcuts>
	<shortcut>
		<defaultID />
		<label>Favoriten</label>
		<label2>Video Add-On</label2>
		<icon>DefaultShortcut.png</icon>
		<thumb>special://skin/extras/icons/favourites.png</thumb>
		<action>ActivateWindow(Videos,"plugin://plugin.program.super.favourites/?label=Kids&amp;mode=400&amp;path=special%3A%2F%2Fprofile%2Faddon_data%2Fplugin.program.super.favourites%2FSuper+Favourites%5CKids&amp;image=C%3A%5CProgram+Files%5CKodi%5Cportable_data%5Caddons%5Cplugin.program.super.favourites%5Cicon.png&amp;fanart=C%3A%5CProgram+Files%5CKodi%5Cportable_data%5Caddons%5Cplugin.program.super.favourites%5Cfanart.jpg&amp;content_type=",return)</action>
	</shortcut>
	<shortcut>
		<defaultID />
		<label>Kindertube</label>
		<label2>Video Add-On</label2>
		<icon>DefaultShortcut.png</icon>
		<thumb>special://skin/extras/icons/babygirl.png</thumb>
		<action>ActivateWindow(Videos,"plugin://plugin.video.xstream/?site=kindertube&amp;function=load&amp;title=Kindertube&amp;params=0",return)</action>
	</shortcut>
	<shortcut>
		<defaultID>plugin.video.KidsTube</defaultID>
		<label>KidsTube</label>
		<label2>Video Add-On</label2>
		<icon>DefaultShortcut.png</icon>
		<thumb>special://skin/extras/icons/girl2.png</thumb>
		<action>ActivateWindow(Videos,"plugin://plugin.video.KidsTube",return)</action>
	</shortcut>
	<shortcut>
		<defaultID>plugin.video.nick_de</defaultID>
		<label>Nickelodeon.de</label>
		<label2>Video Add-On</label2>
		<icon>DefaultShortcut.png</icon>
		<thumb>special://skin/extras/icons/boy.png</thumb>
		<action>ActivateWindow(Videos,"plugin://plugin.video.nick_de",return)</action>
	</shortcut>
	<shortcut>
		<defaultID>plugin.video.sesamstrasse_de</defaultID>
		<label>Sesamstrasse.de</label>
		<label2>Video Add-On</label2>
		<icon>DefaultShortcut.png</icon>
		<thumb>special://skin/extras/icons/girl.png</thumb>
		<action>ActivateWindow(Videos,"plugin://plugin.video.sesamstrasse_de",return)</action>
	</shortcut>
</shortcuts>
