<?xml version='1.0' encoding='UTF-8'?>
<shortcuts>
	<shortcut>
		<defaultID>plugin.video.kika_de</defaultID>
		<label>KIKA+</label>
		<label2>Video Add-On</label2>
		<icon>DefaultShortcut.png</icon>
		<thumb>special://skin/extras/icons/girl.png</thumb>
		<action>ActivateWindow(Videos,"plugin://plugin.video.kika_de",return)</action>
	</shortcut>
	<shortcut>
		<defaultID />
		<label>KinderTube</label>
		<label2>Video Add-On</label2>
		<icon>DefaultShortcut.png</icon>
		<thumb>special://skin/extras/icons/babyboy.png</thumb>
		<action>ActivateWindow(Videos,"plugin://plugin.video.xstream/?site=kindertube&amp;function=showEntries&amp;title=Alle+Filme&amp;sUrl=http%3A%2F%2Fwww.kindertube.de%2Falle-filme-und-serien.html",return)</action>
	</shortcut>
	<shortcut>
		<defaultID>plugin.video.KidsTube</defaultID>
		<label>KidsTube</label>
		<label2>Video Add-On</label2>
		<icon>DefaultShortcut.png</icon>
		<thumb>special://skin/extras/icons/octo.png</thumb>
		<action>ActivateWindow(Videos,"plugin://plugin.video.KidsTube",return)</action>
	</shortcut>
	<shortcut>
		<defaultID>plugin.video.nick_de</defaultID>
		<label>Nickelodeon.de</label>
		<label2>Video Add-On</label2>
		<icon>DefaultShortcut.png</icon>
		<thumb>special://skin/extras/icons/girl2.png</thumb>
		<action>ActivateWindow(Videos,"plugin://plugin.video.nick_de",return)</action>
	</shortcut>
	<shortcut>
		<defaultID />
		<label>PoKéMoN</label>
		<label2>Video Add-On</label2>
		<icon>DefaultShortcut.png</icon>
		<thumb>special://skin/extras/icons/reddit.png</thumb>
		<action>ActivateWindow(Videos,"plugin://plugin.video.ghost.tv/?url=http%3A%2F%2Fghost-repo.de%2FGhost_Portal%2FPokemon%2Fpokemon2.txt&amp;mode=1&amp;name=%5BB%5D%5BI%5D%5BCOLOR+purple%5D--%3E+%5BCOLOR+beige%5D%5BCOLOR+lightyellow%5D---+PoK%C3%A9MoN+---%5B%2FB%5D%5B%2FI%5D%5B%2FCOLOR%5D&amp;fanart=http%3A%2F%2Fghost-repo.de%2FGhost_Portal%2FPokemon%2Ffanart.jpg",return)</action>
	</shortcut>
	<shortcut>
		<defaultID>plugin.video.sesamstrasse_de</defaultID>
		<label>Sesamstrasse.de</label>
		<label2>Video Add-On</label2>
		<icon>DefaultShortcut.png</icon>
		<thumb>special://skin/extras/icons/babygirl.png</thumb>
		<action>ActivateWindow(Videos,"plugin://plugin.video.sesamstrasse_de",return)</action>
	</shortcut>
	<shortcut>
		<defaultID />
		<label>Tv Sendungen</label>
		<label2>Video Add-On</label2>
		<icon>DefaultShortcut.png</icon>
		<thumb>special://skin/extras/icons/tv.png</thumb>
		<action>ActivateWindow(Videos,"plugin://plugin.video.ghost.tv/?url=http%3A%2F%2Fghost-repo.de%2FGhost_Portal%2FKids%2Fkidstvsendung.txt&amp;mode=1&amp;name=%5BB%5D%5BI%5D%5BCOLOR+purple%5D--%3E+%5BCOLOR+beige%5D%5BCOLOR+lightyellow%5D---+Tv+Sendungen+---%5B%2FB%5D%5B%2FI%5D%5B%2FCOLOR%5D&amp;fanart=https%3A%2F%2Fvignette.wikia.nocookie.net%2Flogopedia%2Fimages%2F8%2F8c%2FTV_Kids_2017.jpg%2Frevision%2Flatest%3Fcb%3D20171215185848",return)</action>
	</shortcut>
</shortcuts>
