<?xml version='1.0' encoding='UTF-8'?>
<shortcuts>
	<shortcut>
		<defaultID>search</defaultID>
		<label>Suche</label>
		<label2>Benutzerdefinierte Einträge</label2>
		<icon>special://skin/extras/icons/search.png</icon>
		<thumb />
		<action>ActivateWindow(Videos,"plugin://plugin.video.wrp-metaplayer/search",return)</action>
	</shortcut>
	<shortcut>
		<defaultID>livetv</defaultID>
		<label>Live-TV</label>
		<label2>Benutzerdefinierte Einträge</label2>
		<icon>special://skin/extras/icons/livetv.png</icon>
		<thumb />
		<action>ActivateWindow(TVChannels)</action>
		<visible>PVR.HasTVChannels</visible>
	</shortcut>
	<shortcut>
		<defaultID>plugin.video.wrp-metaplayer/movies</defaultID>
		<label>Filme</label>
		<label2>Video Add-On</label2>
		<icon>DefaultShortcut.png</icon>
		<thumb>image://special://home/addons%5cplugin.video.wrp-metaplayer%5cresources%5cmedia%5cmovies.png/</thumb>
		<action>ActivateWindow(Videos,"plugin://plugin.video.wrp-metaplayer/movies",return)</action>
	</shortcut>
	<shortcut>
		<defaultID />
		<label>Musik</label>
		<label2>Benutzerdefinierte Einträge</label2>
		<icon>DefaultShortcut.png</icon>
		<thumb>image://http%3a%2f%2fghost-repo.de%2fGhost_Portal%2fWorldofSounds%2fBilder%2ffanart.jpg/</thumb>
		<action>ActivateWindow(Videos,"plugin://plugin.video.ghost.tv/?url=https%3A%2F%2Ft1p.de%2F5lhi&amp;mode=1&amp;name=%5BB%5D%5BI%5D%5BCOLOR+lightyellow%5D+World+of+Sounds+%5B%2FB%5D%5B%2FI%5D%5B%2FCOLOR%5D&amp;fanart=http%3A%2F%2Fghost-repo.de%2FGhost_Portal%2FWorldofSounds%2FBilder%2Ffanart.jpg",return)</action>
	</shortcut>
	<shortcut>
		<defaultID>plugin.video.wrp-metaplayer/tv</defaultID>
		<label>Serien</label>
		<label2>Video Add-On</label2>
		<icon>DefaultShortcut.png</icon>
		<thumb>image://special://home/addons%5cplugin.video.wrp-metaplayer%5cresources%5cmedia%5ctv.png/</thumb>
		<action>ActivateWindow(Videos,"plugin://plugin.video.wrp-metaplayer/tv",return)</action>
	</shortcut>
	<shortcut>
		<defaultID>plugin.video.KidsTube</defaultID>
		<label>Kids</label>
		<label2>Benutzerdefinierte Einträge</label2>
		<icon>DefaultShortcut.png</icon>
		<thumb>image://special://home/addons%5cplugin.video.KidsTube%5cicon.png/</thumb>
		<action>ActivateWindow(Videos,"plugin://plugin.video.ghost.tv/?url=http%3A%2F%2Fghost-repo.de%2FGhost_Portal%2FKids%2FkidsHaupt.txt&amp;mode=1&amp;name=%5BB%5D%5BI%5D%5BCOLOR+lightyellow%5D+Kidz+Zone+%5B%2FB%5D%5B%2FI%5D%5B%2FCOLOR%5D&amp;fanart=http%3A%2F%2Fghost-repo.de%2FGhost_Portal%2FKids%2Fbilder%2Fkids.jpg",return)</action>
	</shortcut>
	<shortcut>
		<defaultID>plugin.program.super.favourites</defaultID>
		<label>Favoriten</label>
		<label2>Programm</label2>
		<icon>DefaultShortcut.png</icon>
		<thumb>image://special://home/addons%5cplugin.program.super.favourites%5cicon.png/</thumb>
		<action>ActivateWindow(Programs,"plugin://plugin.program.super.favourites",return)</action>
	</shortcut>
	<shortcut>
		<defaultID />
		<label>Lifestyle</label>
		<label2>Benutzerdefinierte Einträge</label2>
		<icon>DefaultShortcut.png</icon>
		<thumb />
		<action>ActivateWindow(4117)</action>
	</shortcut>
	<shortcut>
		<defaultID />
		<label>WRP-Lounge</label>
		<label2>Benutzerdefinierte Einträge</label2>
		<icon>special://skin/extras/icons/settings.png</icon>
		<thumb />
		<action>ActivateWindow(Settings)</action>
	</shortcut>
	<shortcut>
		<defaultID>power</defaultID>
		<label>33060</label>
		<label2>Common Shortcut</label2>
		<icon>special://skin/extras/icons/power.png</icon>
		<thumb />
		<action>ActivateWindow(shutdownmenu)</action>
	</shortcut>
</shortcuts>
