<shortcuts>
	<shortcut>
		<defaultID />
		<label>Favoriten</label>
		<label2>Video Add-On</label2>
		<icon>DefaultShortcut.png</icon>
		<thumb>special://skin/extras/icons/favourites.png</thumb>
		<action>ActivateWindow(Videos,"plugin://plugin.program.super.favourites/?label=Serien&amp;mode=400&amp;path=special%3A%2F%2Fprofile%2Faddon_data%2Fplugin.program.super.favourites%2FSuper+Favourites%5CSerien&amp;image=https%3A%2F%2Fs.to%2Fpublic%2Fimg%2Fcover%2Fsanctuary-waechter-der-kreaturen-stream-cover-MbxC71mRvWmvCLFSCFvtTVXqWXfiX1mJ_200x300.jpg%7CUser-Agent%3DMozilla%2F5.0+%28Windows+NT+6.3%3B+rv%3A36.0%29+Gecko%2F20100101+Firefox%2F36.0&amp;fanart=special%3A%2F%2Fhome%2Faddons%5Cplugin.video.xstream%5Cfanart.jpg&amp;content_type=",return)</action>
	</shortcut>
	<shortcut>
		<defaultID />
		<label>Alle Serien</label>
		<label2>Benutzerdefinierte Einträge</label2>
		<icon>DefaultShortcut.png</icon>
		<thumb>special://skin/extras/icons/livetv.png</thumb>
		<action>ActivateWindow(Videos,"plugin://plugin.video.xstream/?site=alleserien_com&amp;function=showEntries&amp;title=Neueste+Release&amp;sUrl=http%3A%2F%2Falleserien.com%2Fserien&amp;type=Alle&amp;sortBy=latest&amp;page=1",return)</action>
	</shortcut>
	<shortcut>
		<defaultID />
		<label>FilmPalast.to</label>
		<label2>Benutzerdefinierte Einträge</label2>
		<icon>DefaultShortcut.png</icon>
		<thumb>special://skin/extras/icons/livetv.png</thumb>
		<action>ActivateWindow(Videos,"plugin://plugin.video.xstream/?site=filmpalast_to&amp;function=showEntries&amp;title=Serien&amp;sUrl=https%3A%2F%2Ffilmpalast.to%2Fserien%2Fview",return)</action>
	</shortcut>
	<shortcut>
		<defaultID />
		<label>HD Filme Serien</label>
		<label2>Benutzerdefinierte Einträge</label2>
		<icon>DefaultShortcut.png</icon>
		<thumb>special://skin/extras/icons/livetv.png</thumb>
		<action>ActivateWindow(Videos,"plugin://plugin.video.xstream/?site=hdfilme&amp;function=showEntries&amp;title=Update&amp;sUrl=https%3A%2F%2Fhdfilme.cc%2Fserien1%3Fsort%3Dtop%26sort_type%3Ddesc",return)</action>
	</shortcut>
	<shortcut>
		<defaultID />
		<label>SerienStream</label>
		<label2>Video Add-On</label2>
		<icon>DefaultShortcut.png</icon>
		<thumb>special://skin/extras/icons/livetv.png</thumb>
		<action>ActivateWindow(Videos,"plugin://plugin.video.xstream/?site=serienstream_to&amp;function=showValue&amp;title=A-Z&amp;sUrl=https%3A%2F%2Fserienstream.sx&amp;sCont=catalogNav",return)</action>
	</shortcut>
</shortcuts>
