<?xml version="1.0" encoding="UTF-8" standalone="yes"?>
<addon id="plugin.program.wrp.manager" name="WRP Kodi Build Manager" version="2.0.2" provider-name="DWH">
  <requires>
    <import addon="xbmc.python" version="2.1.0"/>
    <import addon="plugin.video.youtube" version="6.2.2"/>
  </requires>
  <extension point="xbmc.python.pluginsource" library="default.py">
    <provides>executable</provides>
  </extension>
  <extension point="xbmc.service" library="startup.py" start="startup" />
  <extension point="xbmc.addon.metadata">
    <summary lang="de">WRP Kodi Build Manager</summary>
    <assets>
        <icon>resources/icon.png</icon>
        <fanart>resources/fanart.jpg</fanart>
        <screenshot>resources/art/screenshot001.jpg</screenshot>
        <screenshot>resources/art/screenshot002.jpg</screenshot>
        <screenshot>resources/art/screenshot003.jpg</screenshot>
        <screenshot>resources/art/screenshot004.jpg</screenshot>
        <screenshot>resources/art/screenshot005.jpg</screenshot>
        <screenshot>resources/art/screenshot006.jpg</screenshot>
        <screenshot>resources/art/screenshot007.jpg</screenshot>
    </assets>
    <description lang="de">
        Installationsmanager, Wartungsmanager und Backupmanager für das Kodi Mediacenter. 
Durch einspielen eines Builds werden sämtliche Dateien gelöscht bzw. überschrieben.
Bitte machen Sie vorher stets ein Backup ihrer Dateien.
Enthalten ist das deutsche Sprachpaket sowie diverse Addons.
MfG WRP Team
    </description>
    <platform>all</platform>
	<news>

[B]Version 2.0.2[/B]

- systeminfo fixed
- library for Backup included
- The library is not deleted during the new installation

[I]Read changelog for more informations![/I]
	</news>
  </extension>
</addon>